OrderID,OrderDate,CustomerID,CustomerName,EmployeeID,EmployeeName,ProductID,ProductName,CategoryName,SupplierName,UnitPrice,Quantity,Discount,ExtendedPrice
62,2023-09-04 10:12:08,UC728,立信电子信息有限公司区块链技术,1,凤英 孙,9,华为 智能开关 Mini,智能开关,华为智能生活,9336.29,9,0.2,67221.29
62,2023-09-04 10:12:08,UC728,立信电子信息有限公司区块链技术,1,凤英 孙,3,苹果 智能电视 Max,智能电视,苹果智能家庭,2491.28,2,0.1,4484.3
58,2023-09-16 21:55:39,LS391,超艺传媒有限公司大数据分析,2,帆 崔,8,亚马逊 智能开关 Lite,智能开关,亚马逊智能科技,558.87,16,0.1,8047.73
58,2023-09-16 21:55:39,LS391,超艺传媒有限公司大数据分析,2,帆 崔,6,索尼 智能马桶 Elite,智能马桶,索尼智能科技,3542.06,9,0.2,25502.83
92,2023-09-20 10:02:10,BQ628,同兴万点传媒有限公司科技公司,1,凤英 孙,7,华为 智能门铃 Plus,智能门铃,华为智能生活,9230.81,3,0.2,22153.94
92,2023-09-20 10:02:10,BQ628,同兴万点传媒有限公司科技公司,1,凤英 孙,5,苹果 智能插座 Elite,智能插座,苹果智能家庭,8673.25,8,0.15,58978.1
92,2023-09-20 10:02:10,BQ628,同兴万点传媒有限公司科技公司,1,凤英 孙,4,格力 智能空调 Standard,智能空调,格力智能电器,5133.57,14,0.0,71869.98
50,2023-09-20 21:12:08,LS391,超艺传媒有限公司大数据分析,3,成 吴,7,华为 智能门铃 Plus,智能门铃,华为智能生活,9006.3,17,0.15,130141.03
20,2023-09-30 19:57:12,OM558,易动力信息有限公司电子商务,2,帆 崔,5,苹果 智能插座 Elite,智能插座,苹果智能家庭,8357.9,4,0.05,31760.02
20,2023-09-30 19:57:12,OM558,易动力信息有限公司电子商务,2,帆 崔,4,格力 智能空调 Standard,智能空调,格力智能电器,5367.57,2,0.2,8588.11
77,2023-10-08 17:16:28,LS391,超艺传媒有限公司大数据分析,2,帆 崔,8,亚马逊 智能开关 Lite,智能开关,亚马逊智能科技,580.07,8,0.2,3712.45
77,2023-10-08 17:16:28,LS391,超艺传媒有限公司大数据分析,2,帆 崔,7,华为 智能门铃 Plus,智能门铃,华为智能生活,9157.86,10,0.05,86999.67
77,2023-10-08 17:16:28,LS391,超艺传媒有限公司大数据分析,2,帆 崔,5,苹果 智能插座 Elite,智能插座,苹果智能家庭,8608.73,12,0.2,82643.81
77,2023-10-08 17:16:28,LS391,超艺传媒有限公司大数据分析,2,帆 崔,4,格力 智能空调 Standard,智能空调,格力智能电器,5353.93,16,0.0,85662.88
77,2023-10-08 17:16:28,LS391,超艺传媒有限公司大数据分析,2,帆 崔,1,谷歌 智能门铃 Basic,智能门铃,谷歌智能设备,3335.67,2,0.0,6671.34
55,2023-10-11 09:27:23,ND977,合联电子信息有限公司人工智能,3,成 吴,10,博世 智能加湿器 Plus,智能加湿器,博世智能系统,3777.08,11,0.1,37393.09
84,2023-10-15 22:44:12,LS391,超艺传媒有限公司大数据分析,3,成 吴,10,博世 智能加湿器 Plus,智能加湿器,博世智能系统,3870.75,17,0.1,59222.47
82,2023-10-19 11:05:35,VP414,襄樊地球村网络有限公司网络安全,1,凤英 孙,10,博世 智能加湿器 Plus,智能加湿器,博世智能系统,3902.21,5,0.05,18535.5
82,2023-10-19 11:05:35,VP414,襄樊地球村网络有限公司网络安全,1,凤英 孙,9,华为 智能开关 Mini,智能开关,华为智能生活,9324.37,4,0.15,31702.86
82,2023-10-19 11:05:35,VP414,襄樊地球村网络有限公司网络安全,1,凤英 孙,7,华为 智能门铃 Plus,智能门铃,华为智能生活,9553.06,8,0.05,72603.26
82,2023-10-19 11:05:35,VP414,襄樊地球村网络有限公司网络安全,1,凤英 孙,5,苹果 智能插座 Elite,智能插座,苹果智能家庭,8290.14,18,0.1,134300.27
82,2023-10-19 11:05:35,VP414,襄樊地球村网络有限公司网络安全,1,凤英 孙,1,谷歌 智能门铃 Basic,智能门铃,谷歌智能设备,3348.42,11,0.05,34990.99
93,2023-10-22 01:59:23,MG280,海创网络有限公司人工智能,1,凤英 孙,8,亚马逊 智能开关 Lite,智能开关,亚马逊智能科技,587.24,2,0.05,1115.76
93,2023-10-22 01:59:23,MG280,海创网络有限公司人工智能,1,凤英 孙,7,华为 智能门铃 Plus,智能门铃,华为智能生活,9532.51,20,0.2,152520.16
93,2023-10-22 01:59:23,MG280,海创网络有限公司人工智能,1,凤英 孙,6,索尼 智能马桶 Elite,智能马桶,索尼智能科技,3251.87,1,0.05,3089.28
93,2023-10-22 01:59:23,MG280,海创网络有限公司人工智能,1,凤英 孙,5,苹果 智能插座 Elite,智能插座,苹果智能家庭,8317.68,5,0.1,37429.56
93,2023-10-22 01:59:23,MG280,海创网络有限公司人工智能,1,凤英 孙,4,格力 智能空调 Standard,智能空调,格力智能电器,5261.44,6,0.1,28411.78
53,2023-11-02 12:30:30,LS391,超艺传媒有限公司大数据分析,1,凤英 孙,7,华为 智能门铃 Plus,智能门铃,华为智能生活,8935.33,3,0.2,21444.79
53,2023-11-02 12:30:30,LS391,超艺传媒有限公司大数据分析,1,凤英 孙,6,索尼 智能马桶 Elite,智能马桶,索尼智能科技,3577.52,15,0.05,50979.66
53,2023-11-02 12:30:30,LS391,超艺传媒有限公司大数据分析,1,凤英 孙,5,苹果 智能插座 Elite,智能插座,苹果智能家庭,8714.21,12,0.05,99341.99
91,2023-11-02 17:42:16,OM558,易动力信息有限公司电子商务,2,帆 崔,8,亚马逊 智能开关 Lite,智能开关,亚马逊智能科技,567.72,18,0.2,8175.17
91,2023-11-02 17:42:16,OM558,易动力信息有限公司电子商务,2,帆 崔,5,苹果 智能插座 Elite,智能插座,苹果智能家庭,8561.84,11,0.15,80053.2
91,2023-11-02 17:42:16,OM558,易动力信息有限公司电子商务,2,帆 崔,3,苹果 智能电视 Max,智能电视,苹果智能家庭,2406.77,1,0.05,2286.43
21,2023-11-08 05:18:03,ND977,合联电子信息有限公司人工智能,1,凤英 孙,10,博世 智能加湿器 Plus,智能加湿器,博世智能系统,3930.08,9,0.1,31833.65
21,2023-11-08 05:18:03,ND977,合联电子信息有限公司人工智能,1,凤英 孙,4,格力 智能空调 Standard,智能空调,格力智能电器,5293.56,9,0.2,38113.63
75,2023-11-12 03:26:58,UC728,立信电子信息有限公司区块链技术,1,凤英 孙,5,苹果 智能插座 Elite,智能插座,苹果智能家庭,8259.84,8,0.05,62774.78
11,2023-11-14 05:47:28,CS808,数字100信息有限公司电子商务,2,帆 崔,9,华为 智能开关 Mini,智能开关,华为智能生活,9607.39,16,0.15,130660.5
11,2023-11-14 05:47:28,CS808,数字100信息有限公司电子商务,2,帆 崔,3,苹果 智能电视 Max,智能电视,苹果智能家庭,2430.49,20,0.2,38887.84
18,2023-11-27 00:11:45,TP634,创联世纪网络有限公司网络安全,3,成 吴,7,华为 智能门铃 Plus,智能门铃,华为智能生活,8995.53,12,0.05,102549.04
18,2023-11-27 00:11:45,TP634,创联世纪网络有限公司网络安全,3,成 吴,6,索尼 智能马桶 Elite,智能马桶,索尼智能科技,3255.56,13,0.2,33857.82
18,2023-11-27 00:11:45,TP634,创联世纪网络有限公司网络安全,3,成 吴,5,苹果 智能插座 Elite,智能插座,苹果智能家庭,7953.12,9,0.05,67999.18
18,2023-11-27 00:11:45,TP634,创联世纪网络有限公司网络安全,3,成 吴,4,格力 智能空调 Standard,智能空调,格力智能电器,5101.04,17,0.15,73710.03
18,2023-11-27 00:11:45,TP634,创联世纪网络有限公司网络安全,3,成 吴,1,谷歌 智能门铃 Basic,智能门铃,谷歌智能设备,3322.24,17,0.15,48006.37
2,2023-11-28 05:28:32,UC728,立信电子信息有限公司区块链技术,1,凤英 孙,10,博世 智能加湿器 Plus,智能加湿器,博世智能系统,3836.38,20,0.2,61382.08
2,2023-11-28 05:28:32,UC728,立信电子信息有限公司区块链技术,1,凤英 孙,8,亚马逊 智能开关 Lite,智能开关,亚马逊智能科技,569.62,8,0.1,4101.26
2,2023-11-28 05:28:32,UC728,立信电子信息有限公司区块链技术,1,凤英 孙,1,谷歌 智能门铃 Basic,智能门铃,谷歌智能设备,3362.62,19,0.0,63889.78
61,2023-11-30 18:16:26,NA100,四通传媒有限公司电子商务,1,凤英 孙,7,华为 智能门铃 Plus,智能门铃,华为智能生活,9496.23,18,0.05,162385.53
61,2023-11-30 18:16:26,NA100,四通传媒有限公司电子商务,1,凤英 孙,4,格力 智能空调 Standard,智能空调,格力智能电器,5415.28,7,0.1,34116.26
61,2023-11-30 18:16:26,NA100,四通传媒有限公司电子商务,1,凤英 孙,1,谷歌 智能门铃 Basic,智能门铃,谷歌智能设备,3466.05,16,0.05,52683.96
27,2023-12-04 15:56:34,LS391,超艺传媒有限公司大数据分析,2,帆 崔,10,博世 智能加湿器 Plus,智能加湿器,博世智能系统,3717.39,12,0.1,40147.81
27,2023-12-04 15:56:34,LS391,超艺传媒有限公司大数据分析,2,帆 崔,9,华为 智能开关 Mini,智能开关,华为智能生活,9801.01,17,0.05,158286.31
27,2023-12-04 15:56:34,LS391,超艺传媒有限公司大数据分析,2,帆 崔,6,索尼 智能马桶 Elite,智能马桶,索尼智能科技,3444.83,5,0.1,15501.73
27,2023-12-04 15:56:34,LS391,超艺传媒有限公司大数据分析,2,帆 崔,4,格力 智能空调 Standard,智能空调,格力智能电器,5486.49,10,0.2,43891.92
27,2023-12-04 15:56:34,LS391,超艺传媒有限公司大数据分析,2,帆 崔,1,谷歌 智能门铃 Basic,智能门铃,谷歌智能设备,3284.81,17,0.15,47465.5
47,2023-12-12 09:52:28,MZ931,创亿科技有限公司云计算,2,帆 崔,9,华为 智能开关 Mini,智能开关,华为智能生活,9280.45,6,0.0,55682.7
47,2023-12-12 09:52:28,MZ931,创亿科技有限公司云计算,2,帆 崔,7,华为 智能门铃 Plus,智能门铃,华为智能生活,9555.26,4,0.2,30576.83
59,2023-12-20 00:42:20,BQ628,同兴万点传媒有限公司科技公司,1,凤英 孙,10,博世 智能加湿器 Plus,智能加湿器,博世智能系统,3987.36,14,0.05,53031.89
59,2023-12-20 00:42:20,BQ628,同兴万点传媒有限公司科技公司,1,凤英 孙,7,华为 智能门铃 Plus,智能门铃,华为智能生活,9130.38,8,0.15,62086.58
59,2023-12-20 00:42:20,BQ628,同兴万点传媒有限公司科技公司,1,凤英 孙,4,格力 智能空调 Standard,智能空调,格力智能电器,5225.94,4,0.05,19858.57
59,2023-12-20 00:42:20,BQ628,同兴万点传媒有限公司科技公司,1,凤英 孙,3,苹果 智能电视 Max,智能电视,苹果智能家庭,2420.09,6,0.05,13794.51
59,2023-12-20 00:42:20,BQ628,同兴万点传媒有限公司科技公司,1,凤英 孙,1,谷歌 智能门铃 Basic,智能门铃,谷歌智能设备,3222.41,11,0.2,28357.21
100,2023-12-22 21:16:02,EQ332,菊风公司科技有限公司数字科技,3,成 吴,5,苹果 智能插座 Elite,智能插座,苹果智能家庭,8308.69,7,0.2,46528.66
100,2023-12-22 21:16:02,EQ332,菊风公司科技有限公司数字科技,3,成 吴,4,格力 智能空调 Standard,智能空调,格力智能电器,5082.56,2,0.15,8640.35
100,2023-12-22 21:16:02,EQ332,菊风公司科技有限公司数字科技,3,成 吴,1,谷歌 智能门铃 Basic,智能门铃,谷歌智能设备,3210.81,10,0.15,27291.88
24,2024-01-11 20:04:08,CS808,数字100信息有限公司电子商务,2,帆 崔,10,博世 智能加湿器 Plus,智能加湿器,博世智能系统,4029.99,4,0.05,15313.96
24,2024-01-11 20:04:08,CS808,数字100信息有限公司电子商务,2,帆 崔,8,亚马逊 智能开关 Lite,智能开关,亚马逊智能科技,555.95,10,0.2,4447.6
24,2024-01-11 20:04:08,CS808,数字100信息有限公司电子商务,2,帆 崔,7,华为 智能门铃 Plus,智能门铃,华为智能生活,8787.84,5,0.0,43939.2
24,2024-01-11 20:04:08,CS808,数字100信息有限公司电子商务,2,帆 崔,5,苹果 智能插座 Elite,智能插座,苹果智能家庭,8078.4,20,0.15,137332.8
24,2024-01-11 20:04:08,CS808,数字100信息有限公司电子商务,2,帆 崔,3,苹果 智能电视 Max,智能电视,苹果智能家庭,2346.99,10,0.1,21122.91
13,2024-01-15 18:37:44,UC728,立信电子信息有限公司区块链技术,2,帆 崔,9,华为 智能开关 Mini,智能开关,华为智能生活,9370.53,13,0.2,97453.51
97,2024-01-15 23:11:42,UC728,立信电子信息有限公司区块链技术,3,成 吴,10,博世 智能加湿器 Plus,智能加湿器,博世智能系统,3886.4,7,0.15,23124.08
97,2024-01-15 23:11:42,UC728,立信电子信息有限公司区块链技术,3,成 吴,7,华为 智能门铃 Plus,智能门铃,华为智能生活,8854.03,15,0.0,132810.45
97,2024-01-15 23:11:42,UC728,立信电子信息有限公司区块链技术,3,成 吴,4,格力 智能空调 Standard,智能空调,格力智能电器,5486.38,1,0.0,5486.38
72,2024-01-31 02:09:58,VP414,襄樊地球村网络有限公司网络安全,1,凤英 孙,10,博世 智能加湿器 Plus,智能加湿器,博世智能系统,3855.56,11,0.2,33928.93
72,2024-01-31 02:09:58,VP414,襄樊地球村网络有限公司网络安全,1,凤英 孙,9,华为 智能开关 Mini,智能开关,华为智能生活,9842.74,11,0.05,102856.63
72,2024-01-31 02:09:58,VP414,襄樊地球村网络有限公司网络安全,1,凤英 孙,6,索尼 智能马桶 Elite,智能马桶,索尼智能科技,3338.33,8,0.1,24035.98
72,2024-01-31 02:09:58,VP414,襄樊地球村网络有限公司网络安全,1,凤英 孙,5,苹果 智能插座 Elite,智能插座,苹果智能家庭,8607.92,4,0.15,29266.93
72,2024-01-31 02:09:58,VP414,襄樊地球村网络有限公司网络安全,1,凤英 孙,3,苹果 智能电视 Max,智能电视,苹果智能家庭,2512.95,3,0.1,6784.96
46,2024-01-31 20:02:27,TP634,创联世纪网络有限公司网络安全,1,凤英 孙,9,华为 智能开关 Mini,智能开关,华为智能生活,9342.99,4,0.15,31766.17
46,2024-01-31 20:02:27,TP634,创联世纪网络有限公司网络安全,1,凤英 孙,7,华为 智能门铃 Plus,智能门铃,华为智能生活,9217.46,1,0.15,7834.84
46,2024-01-31 20:02:27,TP634,创联世纪网络有限公司网络安全,1,凤英 孙,4,格力 智能空调 Standard,智能空调,格力智能电器,5043.05,20,0.15,85731.85
38,2024-02-09 04:11:15,EQ332,菊风公司科技有限公司数字科技,1,凤英 孙,6,索尼 智能马桶 Elite,智能马桶,索尼智能科技,3422.53,13,0.1,40043.6
38,2024-02-09 04:11:15,EQ332,菊风公司科技有限公司数字科技,1,凤英 孙,3,苹果 智能电视 Max,智能电视,苹果智能家庭,2581.51,7,0.0,18070.57
76,2024-03-03 08:34:39,BQ628,同兴万点传媒有限公司科技公司,2,帆 崔,8,亚马逊 智能开关 Lite,智能开关,亚马逊智能科技,590.68,8,0.05,4489.17
76,2024-03-03 08:34:39,BQ628,同兴万点传媒有限公司科技公司,2,帆 崔,5,苹果 智能插座 Elite,智能插座,苹果智能家庭,8692.78,18,0.1,140823.04
76,2024-03-03 08:34:39,BQ628,同兴万点传媒有限公司科技公司,2,帆 崔,3,苹果 智能电视 Max,智能电视,苹果智能家庭,2439.63,15,0.0,36594.45
76,2024-03-03 08:34:39,BQ628,同兴万点传媒有限公司科技公司,2,帆 崔,1,谷歌 智能门铃 Basic,智能门铃,谷歌智能设备,3333.89,5,0.2,13335.56
96,2024-03-12 16:16:17,UP707,鸿睿思博科技有限公司信息技术,3,成 吴,7,华为 智能门铃 Plus,智能门铃,华为智能生活,9396.18,15,0.1,126848.43
96,2024-03-12 16:16:17,UP707,鸿睿思博科技有限公司信息技术,3,成 吴,6,索尼 智能马桶 Elite,智能马桶,索尼智能科技,3437.87,3,0.1,9282.25
96,2024-03-12 16:16:17,UP707,鸿睿思博科技有限公司信息技术,3,成 吴,3,苹果 智能电视 Max,智能电视,苹果智能家庭,2536.33,7,0.05,16866.59
96,2024-03-12 16:16:17,UP707,鸿睿思博科技有限公司信息技术,3,成 吴,1,谷歌 智能门铃 Basic,智能门铃,谷歌智能设备,3453.74,16,0.0,55259.84
30,2024-03-18 05:22:29,LS391,超艺传媒有限公司大数据分析,2,帆 崔,7,华为 智能门铃 Plus,智能门铃,华为智能生活,8826.27,8,0.15,60018.64
30,2024-03-18 05:22:29,LS391,超艺传媒有限公司大数据分析,2,帆 崔,6,索尼 智能马桶 Elite,智能马桶,索尼智能科技,3401.48,4,0.15,11565.03
30,2024-03-18 05:22:29,LS391,超艺传媒有限公司大数据分析,2,帆 崔,3,苹果 智能电视 Max,智能电视,苹果智能家庭,2405.2,11,0.05,25134.34
30,2024-03-18 05:22:29,LS391,超艺传媒有限公司大数据分析,2,帆 崔,1,谷歌 智能门铃 Basic,智能门铃,谷歌智能设备,3282.9,9,0.1,26591.49
1,2024-04-06 20:42:41,ZU899,思优信息有限公司信息技术,3,成 吴,6,索尼 智能马桶 Elite,智能马桶,索尼智能科技,3403.44,11,0.05,35565.95
1,2024-04-06 20:42:41,ZU899,思优信息有限公司信息技术,3,成 吴,3,苹果 智能电视 Max,智能电视,苹果智能家庭,2502.4,16,0.1,36034.56
98,2024-04-19 08:33:16,NA100,四通传媒有限公司电子商务,3,成 吴,10,博世 智能加湿器 Plus,智能加湿器,博世智能系统,3867.12,10,0.15,32870.52
98,2024-04-19 08:33:16,NA100,四通传媒有限公司电子商务,3,成 吴,9,华为 智能开关 Mini,智能开关,华为智能生活,9403.68,14,0.1,118486.37
98,2024-04-19 08:33:16,NA100,四通传媒有限公司电子商务,3,成 吴,8,亚马逊 智能开关 Lite,智能开关,亚马逊智能科技,578.69,17,0.0,9837.73
98,2024-04-19 08:33:16,NA100,四通传媒有限公司电子商务,3,成 吴,4,格力 智能空调 Standard,智能空调,格力智能电器,5288.23,9,0.1,42834.66
10,2024-04-23 20:19:13,IO550,富罳科技有限公司网络安全,1,凤英 孙,10,博世 智能加湿器 Plus,智能加湿器,博世智能系统,3953.09,2,0.2,6324.94
10,2024-04-23 20:19:13,IO550,富罳科技有限公司网络安全,1,凤英 孙,7,华为 智能门铃 Plus,智能门铃,华为智能生活,8919.45,20,0.15,151630.65
10,2024-04-23 20:19:13,IO550,富罳科技有限公司网络安全,1,凤英 孙,6,索尼 智能马桶 Elite,智能马桶,索尼智能科技,3455.02,11,0.1,34204.7
10,2024-04-23 20:19:13,IO550,富罳科技有限公司网络安全,1,凤英 孙,4,格力 智能空调 Standard,智能空调,格力智能电器,5163.29,8,0.2,33045.06
10,2024-04-23 20:19:13,IO550,富罳科技有限公司网络安全,1,凤英 孙,1,谷歌 智能门铃 Basic,智能门铃,谷歌智能设备,3178.31,2,0.0,6356.62
90,2024-04-25 18:06:51,CS808,数字100信息有限公司电子商务,2,帆 崔,3,苹果 智能电视 Max,智能电视,苹果智能家庭,2462.6,8,0.1,17730.72
73,2024-05-18 16:44:18,PA514,明腾网络有限公司金融科技,1,凤英 孙,10,博世 智能加湿器 Plus,智能加湿器,博世智能系统,3866.54,16,0.2,49491.71
73,2024-05-18 16:44:18,PA514,明腾网络有限公司金融科技,1,凤英 孙,8,亚马逊 智能开关 Lite,智能开关,亚马逊智能科技,568.38,3,0.1,1534.63
73,2024-05-18 16:44:18,PA514,明腾网络有限公司金融科技,1,凤英 孙,1,谷歌 智能门铃 Basic,智能门铃,谷歌智能设备,3201.24,14,0.05,42576.49
65,2024-05-27 09:38:04,YN279,数字100传媒有限公司移动应用开发,2,帆 崔,8,亚马逊 智能开关 Lite,智能开关,亚马逊智能科技,581.27,9,0.15,4446.72
71,2024-05-31 04:46:31,OM558,易动力信息有限公司电子商务,1,凤英 孙,8,亚马逊 智能开关 Lite,智能开关,亚马逊智能科技,571.65,14,0.05,7602.94
71,2024-05-31 04:46:31,OM558,易动力信息有限公司电子商务,1,凤英 孙,5,苹果 智能插座 Elite,智能插座,苹果智能家庭,8263.78,11,0.2,72721.26
71,2024-05-31 04:46:31,OM558,易动力信息有限公司电子商务,1,凤英 孙,3,苹果 智能电视 Max,智能电视,苹果智能家庭,2438.64,10,0.15,20728.44
43,2024-06-03 20:24:49,TP634,创联世纪网络有限公司网络安全,1,凤英 孙,10,博世 智能加湿器 Plus,智能加湿器,博世智能系统,3999.75,16,0.0,63996.0
43,2024-06-03 20:24:49,TP634,创联世纪网络有限公司网络安全,1,凤英 孙,9,华为 智能开关 Mini,智能开关,华为智能生活,9452.84,5,0.2,37811.36
43,2024-06-03 20:24:49,TP634,创联世纪网络有限公司网络安全,1,凤英 孙,8,亚马逊 智能开关 Lite,智能开关,亚马逊智能科技,548.04,7,0.0,3836.28
43,2024-06-03 20:24:49,TP634,创联世纪网络有限公司网络安全,1,凤英 孙,7,华为 智能门铃 Plus,智能门铃,华为智能生活,9056.99,3,0.2,21736.78
43,2024-06-03 20:24:49,TP634,创联世纪网络有限公司网络安全,1,凤英 孙,3,苹果 智能电视 Max,智能电视,苹果智能家庭,2360.71,12,0.15,24079.24
8,2024-06-09 22:33:32,VP414,襄樊地球村网络有限公司网络安全,2,帆 崔,8,亚马逊 智能开关 Lite,智能开关,亚马逊智能科技,545.37,18,0.0,9816.66
8,2024-06-09 22:33:32,VP414,襄樊地球村网络有限公司网络安全,2,帆 崔,6,索尼 智能马桶 Elite,智能马桶,索尼智能科技,3415.89,2,0.0,6831.78
57,2024-06-18 20:58:33,PA514,明腾网络有限公司金融科技,1,凤英 孙,8,亚马逊 智能开关 Lite,智能开关,亚马逊智能科技,573.43,15,0.05,8171.38
57,2024-06-18 20:58:33,PA514,明腾网络有限公司金融科技,1,凤英 孙,5,苹果 智能插座 Elite,智能插座,苹果智能家庭,8274.39,3,0.2,19858.54
57,2024-06-18 20:58:33,PA514,明腾网络有限公司金融科技,1,凤英 孙,1,谷歌 智能门铃 Basic,智能门铃,谷歌智能设备,3399.48,19,0.1,58131.11
19,2024-06-19 02:24:12,NA100,四通传媒有限公司电子商务,2,帆 崔,5,苹果 智能插座 Elite,智能插座,苹果智能家庭,8263.39,7,0.0,57843.73
15,2024-06-21 06:00:35,EQ332,菊风公司科技有限公司数字科技,1,凤英 孙,10,博世 智能加湿器 Plus,智能加湿器,博世智能系统,3723.33,20,0.15,63296.61
15,2024-06-21 06:00:35,EQ332,菊风公司科技有限公司数字科技,1,凤英 孙,9,华为 智能开关 Mini,智能开关,华为智能生活,9180.21,10,0.15,78031.78
15,2024-06-21 06:00:35,EQ332,菊风公司科技有限公司数字科技,1,凤英 孙,7,华为 智能门铃 Plus,智能门铃,华为智能生活,8711.74,18,0.2,125449.06
15,2024-06-21 06:00:35,EQ332,菊风公司科技有限公司数字科技,1,凤英 孙,6,索尼 智能马桶 Elite,智能马桶,索尼智能科技,3563.98,19,0.1,60944.06
15,2024-06-21 06:00:35,EQ332,菊风公司科技有限公司数字科技,1,凤英 孙,1,谷歌 智能门铃 Basic,智能门铃,谷歌智能设备,3364.65,11,0.1,33310.03
3,2024-06-26 00:02:18,EQ332,菊风公司科技有限公司数字科技,1,凤英 孙,6,索尼 智能马桶 Elite,智能马桶,索尼智能科技,3250.39,4,0.0,13001.56
5,2024-06-28 01:06:03,VP414,襄樊地球村网络有限公司网络安全,2,帆 崔,9,华为 智能开关 Mini,智能开关,华为智能生活,9683.55,17,0.2,131696.28
5,2024-06-28 01:06:03,VP414,襄樊地球村网络有限公司网络安全,2,帆 崔,6,索尼 智能马桶 Elite,智能马桶,索尼智能科技,3341.84,5,0.05,15873.74
5,2024-06-28 01:06:03,VP414,襄樊地球村网络有限公司网络安全,2,帆 崔,1,谷歌 智能门铃 Basic,智能门铃,谷歌智能设备,3342.48,17,0.1,51139.94
86,2024-07-01 13:28:01,VP414,襄樊地球村网络有限公司网络安全,2,帆 崔,9,华为 智能开关 Mini,智能开关,华为智能生活,9808.33,13,0.0,127508.29
86,2024-07-01 13:28:01,VP414,襄樊地球村网络有限公司网络安全,2,帆 崔,8,亚马逊 智能开关 Lite,智能开关,亚马逊智能科技,571.13,12,0.15,5825.53
86,2024-07-01 13:28:01,VP414,襄樊地球村网络有限公司网络安全,2,帆 崔,6,索尼 智能马桶 Elite,智能马桶,索尼智能科技,3307.22,7,0.1,20835.49
86,2024-07-01 13:28:01,VP414,襄樊地球村网络有限公司网络安全,2,帆 崔,3,苹果 智能电视 Max,智能电视,苹果智能家庭,2475.22,8,0.1,17821.58
64,2024-07-06 12:20:36,ZU899,思优信息有限公司信息技术,3,成 吴,10,博世 智能加湿器 Plus,智能加湿器,博世智能系统,4024.9,9,0.15,30790.48
64,2024-07-06 12:20:36,ZU899,思优信息有限公司信息技术,3,成 吴,8,亚马逊 智能开关 Lite,智能开关,亚马逊智能科技,569.06,10,0.05,5406.07
64,2024-07-06 12:20:36,ZU899,思优信息有限公司信息技术,3,成 吴,1,谷歌 智能门铃 Basic,智能门铃,谷歌智能设备,3157.26,14,0.0,44201.64
70,2024-07-11 02:20:14,LS391,超艺传媒有限公司大数据分析,3,成 吴,1,谷歌 智能门铃 Basic,智能门铃,谷歌智能设备,3475.93,13,0.2,36149.67
41,2024-07-11 22:52:42,YN279,数字100传媒有限公司移动应用开发,1,凤英 孙,10,博世 智能加湿器 Plus,智能加湿器,博世智能系统,3804.05,11,0.2,33475.64
41,2024-07-11 22:52:42,YN279,数字100传媒有限公司移动应用开发,1,凤英 孙,8,亚马逊 智能开关 Lite,智能开关,亚马逊智能科技,566.5,1,0.2,453.2
41,2024-07-11 22:52:42,YN279,数字100传媒有限公司移动应用开发,1,凤英 孙,5,苹果 智能插座 Elite,智能插座,苹果智能家庭,8724.76,3,0.15,22248.14
41,2024-07-11 22:52:42,YN279,数字100传媒有限公司移动应用开发,1,凤英 孙,3,苹果 智能电视 Max,智能电视,苹果智能家庭,2466.85,9,0.1,19981.48
32,2024-07-21 18:03:38,JA062,时刻科技有限公司数字科技,1,凤英 孙,10,博世 智能加湿器 Plus,智能加湿器,博世智能系统,3982.76,7,0.05,26485.35
32,2024-07-21 18:03:38,JA062,时刻科技有限公司数字科技,1,凤英 孙,4,格力 智能空调 Standard,智能空调,格力智能电器,5381.94,3,0.0,16145.82
32,2024-07-21 18:03:38,JA062,时刻科技有限公司数字科技,1,凤英 孙,1,谷歌 智能门铃 Basic,智能门铃,谷歌智能设备,3345.47,16,0.05,50851.14
4,2024-07-25 14:58:57,LS391,超艺传媒有限公司大数据分析,3,成 吴,10,博世 智能加湿器 Plus,智能加湿器,博世智能系统,3946.44,19,0.0,74982.36
4,2024-07-25 14:58:57,LS391,超艺传媒有限公司大数据分析,3,成 吴,9,华为 智能开关 Mini,智能开关,华为智能生活,9232.12,7,0.1,58162.36
4,2024-07-25 14:58:57,LS391,超艺传媒有限公司大数据分析,3,成 吴,8,亚马逊 智能开关 Lite,智能开关,亚马逊智能科技,587.62,13,0.15,6493.2
4,2024-07-25 14:58:57,LS391,超艺传媒有限公司大数据分析,3,成 吴,6,索尼 智能马桶 Elite,智能马桶,索尼智能科技,3528.03,2,0.15,5997.65
4,2024-07-25 14:58:57,LS391,超艺传媒有限公司大数据分析,3,成 吴,4,格力 智能空调 Standard,智能空调,格力智能电器,5194.0,6,0.15,26489.4
17,2024-08-04 11:35:02,JA062,时刻科技有限公司数字科技,2,帆 崔,9,华为 智能开关 Mini,智能开关,华为智能生活,10082.64,5,0.0,50413.2
17,2024-08-04 11:35:02,JA062,时刻科技有限公司数字科技,2,帆 崔,4,格力 智能空调 Standard,智能空调,格力智能电器,5380.35,5,0.05,25556.66
6,2024-08-09 07:59:30,VP414,襄樊地球村网络有限公司网络安全,2,帆 崔,6,索尼 智能马桶 Elite,智能马桶,索尼智能科技,3396.23,2,0.0,6792.46
6,2024-08-09 07:59:30,VP414,襄樊地球村网络有限公司网络安全,2,帆 崔,4,格力 智能空调 Standard,智能空调,格力智能电器,5020.64,6,0.05,28617.65
6,2024-08-09 07:59:30,VP414,襄樊地球村网络有限公司网络安全,2,帆 崔,3,苹果 智能电视 Max,智能电视,苹果智能家庭,2521.87,20,0.1,45393.66
6,2024-08-09 07:59:30,VP414,襄樊地球村网络有限公司网络安全,2,帆 崔,1,谷歌 智能门铃 Basic,智能门铃,谷歌智能设备,3476.45,7,0.05,23118.39
85,2024-08-18 04:14:00,UC728,立信电子信息有限公司区块链技术,2,帆 崔,4,格力 智能空调 Standard,智能空调,格力智能电器,5158.1,17,0.2,70150.16
85,2024-08-18 04:14:00,UC728,立信电子信息有限公司区块链技术,2,帆 崔,3,苹果 智能电视 Max,智能电视,苹果智能家庭,2455.23,18,0.0,44194.14
31,2024-08-23 07:09:26,LS391,超艺传媒有限公司大数据分析,3,成 吴,9,华为 智能开关 Mini,智能开关,华为智能生活,9411.04,19,0.0,178809.76
31,2024-08-23 07:09:26,LS391,超艺传媒有限公司大数据分析,3,成 吴,1,谷歌 智能门铃 Basic,智能门铃,谷歌智能设备,3426.63,17,0.15,49514.8
80,2024-08-23 22:26:26,BQ628,同兴万点传媒有限公司科技公司,3,成 吴,9,华为 智能开关 Mini,智能开关,华为智能生活,9444.14,11,0.05,98691.26
80,2024-08-23 22:26:26,BQ628,同兴万点传媒有限公司科技公司,3,成 吴,4,格力 智能空调 Standard,智能空调,格力智能电器,5461.31,6,0.1,29491.07
80,2024-08-23 22:26:26,BQ628,同兴万点传媒有限公司科技公司,3,成 吴,1,谷歌 智能门铃 Basic,智能门铃,谷歌智能设备,3270.35,16,0.1,47093.04
37,2024-09-04 17:56:23,NA100,四通传媒有限公司电子商务,1,凤英 孙,9,华为 智能开关 Mini,智能开关,华为智能生活,9729.88,20,0.15,165407.96
37,2024-09-04 17:56:23,NA100,四通传媒有限公司电子商务,1,凤英 孙,8,亚马逊 智能开关 Lite,智能开关,亚马逊智能科技,545.37,12,0.05,6217.22
37,2024-09-04 17:56:23,NA100,四通传媒有限公司电子商务,1,凤英 孙,5,苹果 智能插座 Elite,智能插座,苹果智能家庭,8246.78,17,0.2,112156.21
37,2024-09-04 17:56:23,NA100,四通传媒有限公司电子商务,1,凤英 孙,3,苹果 智能电视 Max,智能电视,苹果智能家庭,2534.77,2,0.15,4309.11
78,2024-09-07 22:01:58,ND977,合联电子信息有限公司人工智能,1,凤英 孙,6,索尼 智能马桶 Elite,智能马桶,索尼智能科技,3390.86,9,0.1,27465.97
78,2024-09-07 22:01:58,ND977,合联电子信息有限公司人工智能,1,凤英 孙,3,苹果 智能电视 Max,智能电视,苹果智能家庭,2439.87,9,0.15,18665.01
78,2024-09-07 22:01:58,ND977,合联电子信息有限公司人工智能,1,凤英 孙,1,谷歌 智能门铃 Basic,智能门铃,谷歌智能设备,3336.48,7,0.1,21019.82
69,2024-09-13 21:36:46,IO550,富罳科技有限公司网络安全,1,凤英 孙,10,博世 智能加湿器 Plus,智能加湿器,博世智能系统,3943.18,6,0.2,18927.26
69,2024-09-13 21:36:46,IO550,富罳科技有限公司网络安全,1,凤英 孙,9,华为 智能开关 Mini,智能开关,华为智能生活,9208.34,1,0.05,8747.92
69,2024-09-13 21:36:46,IO550,富罳科技有限公司网络安全,1,凤英 孙,6,索尼 智能马桶 Elite,智能马桶,索尼智能科技,3447.36,15,0.0,51710.4
99,2024-09-27 07:06:48,UC728,立信电子信息有限公司区块链技术,2,帆 崔,9,华为 智能开关 Mini,智能开关,华为智能生活,9387.59,3,0.0,28162.77
99,2024-09-27 07:06:48,UC728,立信电子信息有限公司区块链技术,2,帆 崔,3,苹果 智能电视 Max,智能电视,苹果智能家庭,2458.24,12,0.1,26548.99
81,2024-10-04 00:21:00,UP707,鸿睿思博科技有限公司信息技术,2,帆 崔,8,亚马逊 智能开关 Lite,智能开关,亚马逊智能科技,591.4,8,0.2,3784.96
81,2024-10-04 00:21:00,UP707,鸿睿思博科技有限公司信息技术,2,帆 崔,7,华为 智能门铃 Plus,智能门铃,华为智能生活,8737.32,10,0.2,69898.56
81,2024-10-04 00:21:00,UP707,鸿睿思博科技有限公司信息技术,2,帆 崔,4,格力 智能空调 Standard,智能空调,格力智能电器,5402.01,14,0.05,71846.73
81,2024-10-04 00:21:00,UP707,鸿睿思博科技有限公司信息技术,2,帆 崔,3,苹果 智能电视 Max,智能电视,苹果智能家庭,2346.04,1,0.1,2111.44
52,2024-10-23 08:51:56,YN279,数字100传媒有限公司移动应用开发,2,帆 崔,8,亚马逊 智能开关 Lite,智能开关,亚马逊智能科技,578.29,20,0.05,10987.51
52,2024-10-23 08:51:56,YN279,数字100传媒有限公司移动应用开发,2,帆 崔,7,华为 智能门铃 Plus,智能门铃,华为智能生活,9393.87,3,0.2,22545.29
52,2024-10-23 08:51:56,YN279,数字100传媒有限公司移动应用开发,2,帆 崔,6,索尼 智能马桶 Elite,智能马桶,索尼智能科技,3482.3,4,0.1,12536.28
52,2024-10-23 08:51:56,YN279,数字100传媒有限公司移动应用开发,2,帆 崔,5,苹果 智能插座 Elite,智能插座,苹果智能家庭,8221.97,16,0.2,105241.22
94,2024-10-29 06:29:01,LS391,超艺传媒有限公司大数据分析,2,帆 崔,1,谷歌 智能门铃 Basic,智能门铃,谷歌智能设备,3382.87,3,0.05,9641.18
54,2024-11-04 05:41:42,UP707,鸿睿思博科技有限公司信息技术,3,成 吴,10,博世 智能加湿器 Plus,智能加湿器,博世智能系统,3755.73,16,0.1,54082.51
56,2024-11-08 14:58:28,UP707,鸿睿思博科技有限公司信息技术,1,凤英 孙,8,亚马逊 智能开关 Lite,智能开关,亚马逊智能科技,560.74,19,0.0,10654.06
56,2024-11-08 14:58:28,UP707,鸿睿思博科技有限公司信息技术,1,凤英 孙,5,苹果 智能插座 Elite,智能插座,苹果智能家庭,8094.62,12,0.15,82565.12
28,2024-11-30 23:53:58,ND977,合联电子信息有限公司人工智能,1,凤英 孙,7,华为 智能门铃 Plus,智能门铃,华为智能生活,9498.08,3,0.2,22795.39
28,2024-11-30 23:53:58,ND977,合联电子信息有限公司人工智能,1,凤英 孙,6,索尼 智能马桶 Elite,智能马桶,索尼智能科技,3498.62,15,0.0,52479.3
28,2024-11-30 23:53:58,ND977,合联电子信息有限公司人工智能,1,凤英 孙,3,苹果 智能电视 Max,智能电视,苹果智能家庭,2396.04,18,0.1,38815.85
28,2024-11-30 23:53:58,ND977,合联电子信息有限公司人工智能,1,凤英 孙,1,谷歌 智能门铃 Basic,智能门铃,谷歌智能设备,3337.65,11,0.0,36714.15
68,2024-12-01 17:23:42,TP634,创联世纪网络有限公司网络安全,2,帆 崔,9,华为 智能开关 Mini,智能开关,华为智能生活,10011.64,9,0.15,76589.05
44,2024-12-14 15:50:50,UP707,鸿睿思博科技有限公司信息技术,3,成 吴,10,博世 智能加湿器 Plus,智能加湿器,博世智能系统,3990.18,20,0.05,75813.42
44,2024-12-14 15:50:50,UP707,鸿睿思博科技有限公司信息技术,3,成 吴,7,华为 智能门铃 Plus,智能门铃,华为智能生活,9136.48,13,0.05,112835.53
83,2024-12-16 06:01:02,ZU899,思优信息有限公司信息技术,3,成 吴,10,博世 智能加湿器 Plus,智能加湿器,博世智能系统,3775.73,10,0.15,32093.7
83,2024-12-16 06:01:02,ZU899,思优信息有限公司信息技术,3,成 吴,3,苹果 智能电视 Max,智能电视,苹果智能家庭,2492.92,17,0.15,36022.69
35,2024-12-22 13:07:42,MG280,海创网络有限公司人工智能,1,凤英 孙,6,索尼 智能马桶 Elite,智能马桶,索尼智能科技,3565.18,4,0.1,12834.65
7,2024-12-22 13:53:18,AI280,银嘉网络有限公司网络安全,1,凤英 孙,9,华为 智能开关 Mini,智能开关,华为智能生活,10098.01,17,0.15,145916.24
7,2024-12-22 13:53:18,AI280,银嘉网络有限公司网络安全,1,凤英 孙,3,苹果 智能电视 Max,智能电视,苹果智能家庭,2574.53,1,0.1,2317.08
34,2025-01-01 02:27:14,NA100,四通传媒有限公司电子商务,1,凤英 孙,9,华为 智能开关 Mini,智能开关,华为智能生活,9654.96,10,0.05,91722.12
34,2025-01-01 02:27:14,NA100,四通传媒有限公司电子商务,1,凤英 孙,6,索尼 智能马桶 Elite,智能马桶,索尼智能科技,3579.39,17,0.0,60849.63
34,2025-01-01 02:27:14,NA100,四通传媒有限公司电子商务,1,凤英 孙,4,格力 智能空调 Standard,智能空调,格力智能电器,5187.89,7,0.0,36315.23
34,2025-01-01 02:27:14,NA100,四通传媒有限公司电子商务,1,凤英 孙,3,苹果 智能电视 Max,智能电视,苹果智能家庭,2424.87,5,0.15,10305.7
34,2025-01-01 02:27:14,NA100,四通传媒有限公司电子商务,1,凤英 孙,1,谷歌 智能门铃 Basic,智能门铃,谷歌智能设备,3417.95,18,0.05,58446.94
36,2025-01-04 15:55:58,IO550,富罳科技有限公司网络安全,2,帆 崔,6,索尼 智能马桶 Elite,智能马桶,索尼智能科技,3378.49,8,0.2,21622.34
36,2025-01-04 15:55:58,IO550,富罳科技有限公司网络安全,2,帆 崔,5,苹果 智能插座 Elite,智能插座,苹果智能家庭,8574.8,19,0.0,162921.2
67,2025-02-01 08:34:18,OM558,易动力信息有限公司电子商务,2,帆 崔,8,亚马逊 智能开关 Lite,智能开关,亚马逊智能科技,565.24,6,0.05,3221.87
26,2025-02-02 00:28:50,LS391,超艺传媒有限公司大数据分析,2,帆 崔,10,博世 智能加湿器 Plus,智能加湿器,博世智能系统,3938.76,20,0.1,70897.68
26,2025-02-02 00:28:50,LS391,超艺传媒有限公司大数据分析,2,帆 崔,8,亚马逊 智能开关 Lite,智能开关,亚马逊智能科技,562.82,11,0.1,5571.92
26,2025-02-02 00:28:50,LS391,超艺传媒有限公司大数据分析,2,帆 崔,7,华为 智能门铃 Plus,智能门铃,华为智能生活,8882.27,15,0.1,119910.64
26,2025-02-02 00:28:50,LS391,超艺传媒有限公司大数据分析,2,帆 崔,4,格力 智能空调 Standard,智能空调,格力智能电器,5215.69,10,0.0,52156.9
49,2025-02-07 09:42:40,MZ931,创亿科技有限公司云计算,2,帆 崔,8,亚马逊 智能开关 Lite,智能开关,亚马逊智能科技,542.7,19,0.15,8764.6
49,2025-02-07 09:42:40,MZ931,创亿科技有限公司云计算,2,帆 崔,7,华为 智能门铃 Plus,智能门铃,华为智能生活,9238.35,10,0.05,87764.32
49,2025-02-07 09:42:40,MZ931,创亿科技有限公司云计算,2,帆 崔,6,索尼 智能马桶 Elite,智能马桶,索尼智能科技,3358.39,15,0.1,45338.26
49,2025-02-07 09:42:40,MZ931,创亿科技有限公司云计算,2,帆 崔,3,苹果 智能电视 Max,智能电视,苹果智能家庭,2396.43,11,0.05,25042.69
49,2025-02-07 09:42:40,MZ931,创亿科技有限公司云计算,2,帆 崔,1,谷歌 智能门铃 Basic,智能门铃,谷歌智能设备,3202.91,1,0.1,2882.62
95,2025-02-14 12:17:53,MG280,海创网络有限公司人工智能,3,成 吴,8,亚马逊 智能开关 Lite,智能开关,亚马逊智能科技,567.57,9,0.05,4852.72
95,2025-02-14 12:17:53,MG280,海创网络有限公司人工智能,3,成 吴,7,华为 智能门铃 Plus,智能门铃,华为智能生活,9018.32,15,0.2,108219.84
9,2025-03-01 19:56:52,UC728,立信电子信息有限公司区块链技术,3,成 吴,6,索尼 智能马桶 Elite,智能马桶,索尼智能科技,3349.44,13,0.05,41365.58
9,2025-03-01 19:56:52,UC728,立信电子信息有限公司区块链技术,3,成 吴,4,格力 智能空调 Standard,智能空调,格力智能电器,5378.34,6,0.2,25816.03
40,2025-03-11 09:47:02,PA514,明腾网络有限公司金融科技,1,凤英 孙,6,索尼 智能马桶 Elite,智能马桶,索尼智能科技,3355.69,1,0.0,3355.69
40,2025-03-11 09:47:02,PA514,明腾网络有限公司金融科技,1,凤英 孙,5,苹果 智能插座 Elite,智能插座,苹果智能家庭,8609.51,6,0.1,46491.35
40,2025-03-11 09:47:02,PA514,明腾网络有限公司金融科技,1,凤英 孙,4,格力 智能空调 Standard,智能空调,格力智能电器,5418.47,19,0.15,87508.29
40,2025-03-11 09:47:02,PA514,明腾网络有限公司金融科技,1,凤英 孙,3,苹果 智能电视 Max,智能电视,苹果智能家庭,2491.42,14,0.2,27903.9
40,2025-03-11 09:47:02,PA514,明腾网络有限公司金融科技,1,凤英 孙,1,谷歌 智能门铃 Basic,智能门铃,谷歌智能设备,3245.57,11,0.05,33916.21
45,2025-03-16 22:13:33,UP707,鸿睿思博科技有限公司信息技术,3,成 吴,8,亚马逊 智能开关 Lite,智能开关,亚马逊智能科技,543.87,10,0.1,4894.83
45,2025-03-16 22:13:33,UP707,鸿睿思博科技有限公司信息技术,3,成 吴,7,华为 智能门铃 Plus,智能门铃,华为智能生活,8783.84,18,0.05,150203.66
45,2025-03-16 22:13:33,UP707,鸿睿思博科技有限公司信息技术,3,成 吴,4,格力 智能空调 Standard,智能空调,格力智能电器,5210.08,13,0.15,57571.38
25,2025-03-18 10:38:50,TP634,创联世纪网络有限公司网络安全,2,帆 崔,5,苹果 智能插座 Elite,智能插座,苹果智能家庭,7968.39,12,0.05,90839.65
88,2025-03-29 23:41:06,AI280,银嘉网络有限公司网络安全,3,成 吴,10,博世 智能加湿器 Plus,智能加湿器,博世智能系统,3939.6,1,0.05,3742.62
88,2025-03-29 23:41:06,AI280,银嘉网络有限公司网络安全,3,成 吴,4,格力 智能空调 Standard,智能空调,格力智能电器,5506.46,19,0.0,104622.74
29,2025-03-30 17:49:18,LS391,超艺传媒有限公司大数据分析,3,成 吴,6,索尼 智能马桶 Elite,智能马桶,索尼智能科技,3539.75,17,0.05,57166.96
89,2025-04-02 11:36:05,MG280,海创网络有限公司人工智能,2,帆 崔,10,博世 智能加湿器 Plus,智能加湿器,博世智能系统,3802.47,13,0.2,39545.69
89,2025-04-02 11:36:05,MG280,海创网络有限公司人工智能,2,帆 崔,9,华为 智能开关 Mini,智能开关,华为智能生活,9776.06,9,0.0,87984.54
89,2025-04-02 11:36:05,MG280,海创网络有限公司人工智能,2,帆 崔,3,苹果 智能电视 Max,智能电视,苹果智能家庭,2345.23,10,0.15,19934.45
48,2025-04-11 10:55:26,LS391,超艺传媒有限公司大数据分析,1,凤英 孙,1,谷歌 智能门铃 Basic,智能门铃,谷歌智能设备,3195.73,15,0.0,47935.95
12,2025-04-16 07:15:11,PA514,明腾网络有限公司金融科技,1,凤英 孙,8,亚马逊 智能开关 Lite,智能开关,亚马逊智能科技,585.41,19,0.1,10010.51
51,2025-04-20 03:47:52,LS391,超艺传媒有限公司大数据分析,1,凤英 孙,9,华为 智能开关 Mini,智能开关,华为智能生活,9741.43,6,0.0,58448.58
51,2025-04-20 03:47:52,LS391,超艺传媒有限公司大数据分析,1,凤英 孙,1,谷歌 智能门铃 Basic,智能门铃,谷歌智能设备,3402.4,15,0.0,51036.0
74,2025-05-11 05:58:49,EQ332,菊风公司科技有限公司数字科技,2,帆 崔,10,博世 智能加湿器 Plus,智能加湿器,博世智能系统,3779.16,7,0.0,26454.12
74,2025-05-11 05:58:49,EQ332,菊风公司科技有限公司数字科技,2,帆 崔,7,华为 智能门铃 Plus,智能门铃,华为智能生活,8761.2,13,0.15,96811.26
74,2025-05-11 05:58:49,EQ332,菊风公司科技有限公司数字科技,2,帆 崔,6,索尼 智能马桶 Elite,智能马桶,索尼智能科技,3438.54,18,0.15,52609.66
74,2025-05-11 05:58:49,EQ332,菊风公司科技有限公司数字科技,2,帆 崔,4,格力 智能空调 Standard,智能空调,格力智能电器,5135.79,6,0.2,24651.79
74,2025-05-11 05:58:49,EQ332,菊风公司科技有限公司数字科技,2,帆 崔,1,谷歌 智能门铃 Basic,智能门铃,谷歌智能设备,3235.55,15,0.15,41253.26
23,2025-05-16 19:39:03,VP414,襄樊地球村网络有限公司网络安全,2,帆 崔,10,博世 智能加湿器 Plus,智能加湿器,博世智能系统,3700.47,20,0.05,70308.93
23,2025-05-16 19:39:03,VP414,襄樊地球村网络有限公司网络安全,2,帆 崔,1,谷歌 智能门铃 Basic,智能门铃,谷歌智能设备,3275.3,5,0.0,16376.5
66,2025-05-28 18:24:31,JA062,时刻科技有限公司数字科技,1,凤英 孙,9,华为 智能开关 Mini,智能开关,华为智能生活,9804.74,13,0.2,101969.3
66,2025-05-28 18:24:31,JA062,时刻科技有限公司数字科技,1,凤英 孙,8,亚马逊 智能开关 Lite,智能开关,亚马逊智能科技,557.59,18,0.15,8531.13
66,2025-05-28 18:24:31,JA062,时刻科技有限公司数字科技,1,凤英 孙,7,华为 智能门铃 Plus,智能门铃,华为智能生活,8825.77,1,0.0,8825.77
66,2025-05-28 18:24:31,JA062,时刻科技有限公司数字科技,1,凤英 孙,3,苹果 智能电视 Max,智能电视,苹果智能家庭,2366.71,8,0.0,18933.68
66,2025-05-28 18:24:31,JA062,时刻科技有限公司数字科技,1,凤英 孙,1,谷歌 智能门铃 Basic,智能门铃,谷歌智能设备,3232.98,7,0.1,20367.77
60,2025-05-29 19:05:08,UP707,鸿睿思博科技有限公司信息技术,1,凤英 孙,10,博世 智能加湿器 Plus,智能加湿器,博世智能系统,4029.51,8,0.0,32236.08
60,2025-05-29 19:05:08,UP707,鸿睿思博科技有限公司信息技术,1,凤英 孙,9,华为 智能开关 Mini,智能开关,华为智能生活,9244.04,16,0.2,118323.71
60,2025-05-29 19:05:08,UP707,鸿睿思博科技有限公司信息技术,1,凤英 孙,8,亚马逊 智能开关 Lite,智能开关,亚马逊智能科技,587.16,17,0.05,9482.63
60,2025-05-29 19:05:08,UP707,鸿睿思博科技有限公司信息技术,1,凤英 孙,6,索尼 智能马桶 Elite,智能马桶,索尼智能科技,3531.05,1,0.15,3001.39
16,2025-05-30 05:05:09,IO550,富罳科技有限公司网络安全,3,成 吴,6,索尼 智能马桶 Elite,智能马桶,索尼智能科技,3544.51,12,0.2,34027.3
16,2025-05-30 05:05:09,IO550,富罳科技有限公司网络安全,3,成 吴,5,苹果 智能插座 Elite,智能插座,苹果智能家庭,8648.65,12,0.1,93405.42
39,2025-06-04 04:36:43,IO550,富罳科技有限公司网络安全,3,成 吴,6,索尼 智能马桶 Elite,智能马桶,索尼智能科技,3476.77,8,0.05,26423.45
14,2025-06-23 01:27:00,VP414,襄樊地球村网络有限公司网络安全,3,成 吴,8,亚马逊 智能开关 Lite,智能开关,亚马逊智能科技,567.78,4,0.0,2271.12
14,2025-06-23 01:27:00,VP414,襄樊地球村网络有限公司网络安全,3,成 吴,7,华为 智能门铃 Plus,智能门铃,华为智能生活,8804.01,17,0.15,127217.94
14,2025-06-23 01:27:00,VP414,襄樊地球村网络有限公司网络安全,3,成 吴,6,索尼 智能马桶 Elite,智能马桶,索尼智能科技,3564.19,1,0.0,3564.19
14,2025-06-23 01:27:00,VP414,襄樊地球村网络有限公司网络安全,3,成 吴,4,格力 智能空调 Standard,智能空调,格力智能电器,5209.51,9,0.2,37508.47
79,2025-06-29 01:21:05,MG280,海创网络有限公司人工智能,1,凤英 孙,10,博世 智能加湿器 Plus,智能加湿器,博世智能系统,3803.58,4,0.1,13692.89
79,2025-06-29 01:21:05,MG280,海创网络有限公司人工智能,1,凤英 孙,6,索尼 智能马桶 Elite,智能马桶,索尼智能科技,3278.52,14,0.15,39014.39
79,2025-06-29 01:21:05,MG280,海创网络有限公司人工智能,1,凤英 孙,4,格力 智能空调 Standard,智能空调,格力智能电器,5070.5,19,0.15,81888.57
79,2025-06-29 01:21:05,MG280,海创网络有限公司人工智能,1,凤英 孙,3,苹果 智能电视 Max,智能电视,苹果智能家庭,2432.43,2,0.2,3891.89
79,2025-06-29 01:21:05,MG280,海创网络有限公司人工智能,1,凤英 孙,1,谷歌 智能门铃 Basic,智能门铃,谷歌智能设备,3308.07,10,0.1,29772.63
87,2025-07-20 10:29:06,NA100,四通传媒有限公司电子商务,2,帆 崔,3,苹果 智能电视 Max,智能电视,苹果智能家庭,2349.27,9,0.2,16914.74
42,2025-07-23 11:01:47,JA062,时刻科技有限公司数字科技,3,成 吴,10,博世 智能加湿器 Plus,智能加湿器,博世智能系统,3891.46,10,0.1,35023.14
42,2025-07-23 11:01:47,JA062,时刻科技有限公司数字科技,3,成 吴,7,华为 智能门铃 Plus,智能门铃,华为智能生活,8691.14,11,0.1,86042.29
22,2025-08-05 02:51:19,TP634,创联世纪网络有限公司网络安全,2,帆 崔,9,华为 智能开关 Mini,智能开关,华为智能生活,9183.54,18,0.15,140508.16
22,2025-08-05 02:51:19,TP634,创联世纪网络有限公司网络安全,2,帆 崔,6,索尼 智能马桶 Elite,智能马桶,索尼智能科技,3363.14,4,0.05,12779.93
22,2025-08-05 02:51:19,TP634,创联世纪网络有限公司网络安全,2,帆 崔,5,苹果 智能插座 Elite,智能插座,苹果智能家庭,8715.21,15,0.1,117655.33
22,2025-08-05 02:51:19,TP634,创联世纪网络有限公司网络安全,2,帆 崔,4,格力 智能空调 Standard,智能空调,格力智能电器,5169.09,16,0.15,70299.62
33,2025-08-13 01:59:48,AI280,银嘉网络有限公司网络安全,1,凤英 孙,5,苹果 智能插座 Elite,智能插座,苹果智能家庭,7975.68,6,0.1,43068.67
33,2025-08-13 01:59:48,AI280,银嘉网络有限公司网络安全,1,凤英 孙,4,格力 智能空调 Standard,智能空调,格力智能电器,5101.27,5,0.05,24231.03
33,2025-08-13 01:59:48,AI280,银嘉网络有限公司网络安全,1,凤英 孙,3,苹果 智能电视 Max,智能电视,苹果智能家庭,2558.67,12,0.0,30704.04
63,2025-08-22 16:04:56,MG280,海创网络有限公司人工智能,1,凤英 孙,10,博世 智能加湿器 Plus,智能加湿器,博世智能系统,3752.22,2,0.2,6003.55
63,2025-08-22 16:04:56,MG280,海创网络有限公司人工智能,1,凤英 孙,4,格力 智能空调 Standard,智能空调,格力智能电器,5237.31,12,0.15,53420.56
63,2025-08-22 16:04:56,MG280,海创网络有限公司人工智能,1,凤英 孙,3,苹果 智能电视 Max,智能电视,苹果智能家庭,2427.72,5,0.15,10317.81
63,2025-08-22 16:04:56,MG280,海创网络有限公司人工智能,1,凤英 孙,1,谷歌 智能门铃 Basic,智能门铃,谷歌智能设备,3252.66,20,0.15,55295.22
